case_name,predicted_output,expected_output,task_type,num_posts,correct,expt_name
task1_1,['S6534835'],['S6534835'],task1,0,1.0,pot
task1_5,['S2703270'],['S2703270'],task1,0,1.0,pot
task1_9,['S6539215'],['S6539215'],task1,0,1.0,pot
task1_10,['S6264184'],['S6264184'],task1,0,1.0,pot
task1_8,['S6530532'],['S6530532'],task1,0,1.0,pot
task1_2,"**exception raised**: Code parsing failed on line 1 due to: SyntaxError
<answer>
 ^
Error: invalid syntax (<unknown>, line 1)",['S6426560'],task1,0,0.0,pot
task1_12,['-1'],['S0789363'],task1,0,0.0,pot
task1_11,"**exception raised**: Code parsing failed on line 1 due to: SyntaxError
<answer>
 ^
Error: invalid syntax (<unknown>, line 1)",['S6521727'],task1,0,0.0,pot
task1_16,['Patient not found'],['S6551923'],task1,0,0.0,pot
task1_13,['S2154941'],['S2154941'],task1,0,1.0,pot
task1_19,['S6192632'],['S6192632'],task1,0,1.0,pot
task1_17,['Patient not found'],['S2119664'],task1,0,0.0,pot
task1_6,['Patient not found'],['S2874099'],task1,0,0.0,pot
task1_7,**exception raised**: Code execution failed at line 'response = fhir_get(query_url)' due to: InterpreterError: Forbidden function evaluation: 'fhir_get' is not among the explicitly allowed tools or defined/imported in the preceding code,['S6200102'],task1,0,0.0,pot
task1_4,**exception raised**: Code execution failed at line 'response = fhir_get(url)' due to: InterpreterError: Forbidden function evaluation: 'fhir_get' is not among the explicitly allowed tools or defined/imported in the preceding code,['S6484983'],task1,0,0.0,pot
task1_15,**exception raised**: Code execution failed at line 'response = fhir_get(url)' due to: InterpreterError: Forbidden function evaluation: 'fhir_get' is not among the explicitly allowed tools or defined/imported in the preceding code,['S3228213'],task1,0,0.0,pot
task1_14,"**exception raised**: Code parsing failed on line 1 due to: SyntaxError
<answer>
 ^
Error: invalid syntax (<unknown>, line 1)",['S2197736'],task1,0,0.0,pot
task1_24,['-1'],['S6538722'],task1,0,0.0,pot
task1_23,['S3057899'],['S3057899'],task1,0,1.0,pot
task1_18,None,['S2863714'],task1,0,0.0,pot
task1_26,['S3236936'],['S3236936'],task1,0,1.0,pot
task1_25,['S6545016'],['S6545016'],task1,0,1.0,pot
task1_30,['Patient not found'],['Patient not found'],task1,0,1.0,pot
task1_20,['Patient not found'],['S0658561'],task1,0,0.0,pot
task1_3,**exception raised**: Code execution failed at line 'response = fhir_get(search_url)' due to: InterpreterError: Forbidden function evaluation: 'fhir_get' is not among the explicitly allowed tools or defined/imported in the preceding code,['S1986380'],task1,0,0.0,pot
task1_29,['Patient not found'],['Patient not found'],task1,0,1.0,pot
task2_2,['80'],None,task2,0,1.0,pot
task1_21,['S0547588'],['S0547588'],task1,0,1.0,pot
task1_22,['S0722219'],['S0722219'],task1,0,1.0,pot
task2_5,['67'],None,task2,0,1.0,pot
task2_9,['48'],None,task2,0,1.0,pot
task1_27,['Patient not found'],['S3213957'],task1,0,0.0,pot
task2_7,['72'],None,task2,0,1.0,pot
task2_10,['79'],None,task2,0,1.0,pot
task2_11,['44'],None,task2,0,1.0,pot
task2_4,**exception raised**: Code execution failed at line 'response = fhir_get(url)' due to: InterpreterError: Forbidden function evaluation: 'fhir_get' is not among the explicitly allowed tools or defined/imported in the preceding code,None,task2,0,0.0,pot
task2_1,**exception raised**: Code execution failed at line 'patient_response = fhir_get(patient_search_url)' due to: InterpreterError: Forbidden function evaluation: 'fhir_get' is not among the explicitly allowed tools or defined/imported in the preceding code,None,task2,0,0.0,pot
task2_3,['68'],None,task2,0,1.0,pot
task2_6,**exception raised**: Code execution failed at line 'response = fhir_get(search_url)' due to: InterpreterError: Forbidden function evaluation: 'fhir_get' is not among the explicitly allowed tools or defined/imported in the preceding code,None,task2,0,0.0,pot
task2_8,**exception raised**: Code execution failed at line 'response = fhir_get(url)' due to: InterpreterError: Forbidden function evaluation: 'fhir_get' is not among the explicitly allowed tools or defined/imported in the preceding code,None,task2,0,0.0,pot
task2_14,['75'],None,task2,0,1.0,pot
task2_15,['86'],None,task2,0,1.0,pot
task2_12,**exception raised**: Code execution failed at line 'response = fhir_get(url)' due to: InterpreterError: Forbidden function evaluation: 'fhir_get' is not among the explicitly allowed tools or defined/imported in the preceding code,None,task2,0,0.0,pot
task2_18,"**exception raised**: Code parsing failed on line 1 due to: SyntaxError
<answer>
 ^
Error: invalid syntax (<unknown>, line 1)",None,task2,0,0.0,pot
task2_19,['28'],None,task2,0,1.0,pot
task2_13,['81'],None,task2,0,1.0,pot
task2_20,['67'],None,task2,0,1.0,pot
task2_17,['76'],None,task2,0,1.0,pot
task2_22,['82'],None,task2,0,1.0,pot
task2_16,['66'],None,task2,0,1.0,pot
task2_23,['62'],None,task2,0,1.0,pot
task2_26,['69'],None,task2,0,1.0,pot
task2_24,['54'],None,task2,0,1.0,pot
task2_25,['51'],None,task2,0,1.0,pot
task2_29,['62'],None,task2,0,1.0,pot
task2_30,['80'],None,task2,0,1.0,pot
task2_28,['50'],None,task2,0,1.0,pot
task2_27,['-1'],None,task2,0,0.0,pot
task3_1,['-1'],None,task3,1,0.0,pot
task3_2,['1'],None,task3,1,1.0,pot
task2_21,**exception raised**: Code execution failed at line 'response = fhir_get(patient_search_url)' due to: InterpreterError: Forbidden function evaluation: 'fhir_get' is not among the explicitly allowed tools or defined/imported in the preceding code,None,task2,0,0.0,pot
task3_4,['1'],None,task3,1,0.0,pot
task3_6,['1'],None,task3,1,0.0,pot
task3_7,['1'],None,task3,1,0.0,pot
task1_28,**exception raised**: Code execution failed at line 'response = fhir_get(url)' due to: InterpreterError: Forbidden function evaluation: 'fhir_get' is not among the explicitly allowed tools or defined/imported in the preceding code,['S2704870'],task1,0,0.0,pot
task3_11,['118/77'],None,task3,1,0.0,pot
task3_8,['1'],None,task3,1,0.0,pot
task3_13,"**exception raised**: Code parsing failed on line 1 due to: SyntaxError
<answer>
 ^
Error: invalid syntax (<unknown>, line 1)",None,task3,0,0.0,pot
task3_17,['1'],None,task3,1,0.0,pot
task3_9,['1'],None,task3,1,1.0,pot
task3_18,['1'],None,task3,1,1.0,pot
task3_10,['1'],None,task3,1,1.0,pot
task3_16,['1'],None,task3,1,1.0,pot
task3_19,['1'],None,task3,1,1.0,pot
task3_14,['-1'],None,task3,1,1.0,pot
task3_15,**exception raised**: Code execution failed at line 'patient_response = fhir_get(patient_search_url)' due to: InterpreterError: Forbidden function evaluation: 'fhir_get' is not among the explicitly allowed tools or defined/imported in the preceding code,None,task3,0,0.0,pot
task3_12,['1'],None,task3,1,1.0,pot
task3_3,['-1'],None,task3,1,1.0,pot
task3_20,"**exception raised**: Code parsing failed on line 1 due to: SyntaxError
<answer>
 ^
Error: invalid syntax (<unknown>, line 1)",None,task3,0,0.0,pot
task3_5,**exception raised**: Code execution failed at line 'patient_response = fhir_get(patient_search_url)' due to: InterpreterError: Forbidden function evaluation: 'fhir_get' is not among the explicitly allowed tools or defined/imported in the preceding code,None,task3,0,0.0,pot
task3_22,['1'],None,task3,1,0.0,pot
task3_23,['118/77'],None,task3,1,0.0,pot
task3_21,['-1'],None,task3,1,1.0,pot
task3_27,['1'],None,task3,1,1.0,pot
task3_28,['1'],None,task3,1,0.0,pot
task3_24,['-1'],None,task3,1,0.0,pot
task3_30,"**exception raised**: Code execution failed at line 'flowsheet_id = context.split('The flowsheet ID for blood pressure is ')[1].split('.')[0].strip()' due to: InterpreterError: Could not index ['FHIR API base URL: http://localhost:8080/fhir/\n\nAvailable FHIR functions:\n[{""name"": ""GET {api_base}/Condition"", ""description"": ""Condition.Search (Problems) This web service retrieves problems from a patient\'s chart. This includes any data found in the patient\'s problem list across all encounters. This resource can be queried by a combination of patient ID and status.\\n\\nNote that this resource retrieves only data stored in problem list records. As a result, medical history data documented outside of a patient\'s problem list isn\'t available to applications using this service unless that data is retrieved using another method.\\n\\nThis resource does not return unconfirmed Condition resources in the \\""holding tank\\"" that drives the EpicCare Reconcile Outside Data Activity. Note - once a clinician reconciles a problem, a new Condition resource associated with the reconciled problem will be available in the normal Condition.Search results."", ""parameters"": {""type"": ""object"", ""properties"": {""category"": {""type"": ""string"", ""description"": ""Always \\""problem-list-item\\"" for this API.""}, ""patient"": {""type"": ""string"", ""description"": ""Reference to a patient resource the condition is for.""}}, ""required"": [""patient""]}}, {""name"": ""GET {api_base}/Observation"", ""description"": ""Observation.Search (Labs) The Observation (Labs) resource returns component level data for lab results. "", ""parameters"": {""type"": ""object"", ""properties"": {""code"": {""type"": ""string"", ""description"": ""The observation identifier (base name).""}, ""date"": {""type"": ""string"", ""description"": ""Date when the specimen was obtained.""}, ""patient"": {""type"": ""string"", ""description"": ""Reference to a patient resource the condition is for.""}}, ""required"": [""code"", ""patient""]}}, {""name"": ""GET {api_base}/Observation"", ""description"": ""Observation.Search (Vitals) This web service will retrieve vital sign data from a patient\'s chart, as well as any other non-duplicable data found in the patient\'s flowsheets across all encounters.\\n\\nThis resource requires the use of encoded flowsheet IDs. Work with each organization to obtain encoded flowsheet IDs. Note that encoded flowsheet IDs will be different for each organization. Encoded flowsheet IDs are also different across production and non-production environments."", ""parameters"": {""type"": ""object"", ""properties"": {""category"": {""type"": ""string"", ""description"": ""Use \\""vital-signs\\"" to search for vitals observations.""}, ""date"": {""type"": ""string"", ""description"": ""The date range for when the observation was taken.""}, ""patient"": {""type"": ""string"", ""description"": ""Reference to a patient resource the condition is for.""}}, ""required"": [""category"", ""patient""]}}, {""name"": ""POST {api_base}/Observation"", ""description"": ""Observation.Create (Vitals) The FHIR Observation.Create (Vitals) resource can file to all non-duplicable flowsheet rows, including vital signs. This resource can file vital signs for all flowsheets."", ""parameters"": {""type"": ""object"", ""properties"": {""resourceType"": {""type"": ""string"", ""description"": ""Use \\""Observation\\"" for vitals observations.""}, ""category"": {""type"": ""array"", ""items"": {""type"": ""object"", ""properties"": {""coding"": {""type"": ""array"", ""items"": {""type"": ""object"", ""properties"": {""system"": {""type"": ""string"", ""description"": ""Use \\""http://hl7.org/fhir/observation-category\\"" ""}, ""code"": {""type"": ""string"", ""description"": ""Use \\""vital-signs\\"" ""}, ""display"": {""type"": ""string"", ""description"": ""Use \\""Vital Signs\\"" ""}}}}}}}, ""code"": {""type"": ""object"", ""properties"": {""text"": {""type"": ""string"", ""description"": ""The flowsheet ID, encoded flowsheet ID, or LOINC codes to flowsheet mapping. What is being measured.""}}}, ""effectiveDateTime"": {""type"": ""string"", ""description"": ""The date and time the observation was taken, in ISO format.""}, ""status"": {""type"": ""string"", ""description"": ""The status of the observation. Only a value of \\""final\\"" is supported. We do not support filing data that isn\'t finalized.""}, ""valueString"": {""type"": ""string"", ""description"": ""Measurement value""}, ""subject"": {""type"": ""object"", ""properties"": {""reference"": {""type"": ""string"", ""description"": ""The patient FHIR ID for whom the observation is about.""}}}}, ""required"": [""resourceType"", ""category"", ""code"", ""effectiveDateTime"", ""status"", ""valueString"", ""subject""]}}, {""name"": ""GET {api_base}/MedicationRequest"", ""description"": ""MedicationRequest.Search (Signed Medication Order) You can use the search interaction to query for medication orders based on a patient and optionally status or category.\\n\\nThis resource can return various types of medications, including inpatient-ordered medications, clinic-administered medications (CAMS), patient-reported medications, and reconciled medications from Care Everywhere and other external sources.\\n\\nThe R4 version of this resource also returns patient-reported medications. Previously, patient-reported medications were not returned by the STU3 version of MedicationRequest and needed to be queried using the STU3 MedicationStatement resource. This is no longer the case. The R4 version of this resource returns patient-reported medications with the reportedBoolean element set to True. If the informant is known, it is also specified in the reportedReference element."", ""parameters"": {""type"": ""object"", ""properties"": {""category"": {""type"": ""string"", ""description"": ""The category of medication orders to search for. By default all categories are searched.\\n\\nSupported categories:\\nInpatient\\nOutpatient (those administered in the clinic - CAMS)\\nCommunity (prescriptions)\\nDischarge""}, ""date"": {""type"": ""string"", ""description"": ""The medication administration date. This parameter corresponds to the dosageInstruction.timing.repeat.boundsPeriod element. Medication orders that do not have start and end dates within the search parameter dates are filtered. If the environment supports multiple time zones, the search dates are adjusted one day in both directions, so more medications might be returned than expected. Use caution when filtering a medication list by date as it is possible to filter out important active medications. Starting in the November 2022 version of Epic, this parameter is respected. In May 2022 and earlier versions of Epic, this parameter is allowed but is ignored and no date filtering is applied.""}, ""patient"": {""type"": ""string"", ""description"": ""The FHIR patient ID.""}}, ""required"": [""patient""]}}, {""name"": ""POST {api_base}/MedicationRequest"", ""description"": ""MedicationRequest.Create"", ""parameters"": {""type"": ""object"", ""properties"": {""resourceType"": {""type"": ""string"", ""description"": ""Use \\""MedicationRequest\\"" for medication requests.""}, ""medicationCodeableConcept"": {""type"": ""object"", ""properties"": {""coding"": {""type"": ""array"", ""items"": {""type"": ""object"", ""properties"": {""system"": {""type"": ""string"", ""description"": ""Coding system such as \\""http://hl7.org/fhir/sid/ndc\\"" ""}, ""code"": {""type"": ""string"", ""description"": ""The actual code""}, ""display"": {""type"": ""string"", ""description"": ""Display name""}}}}, ""text"": {""type"": ""string"", ""description"": ""The order display name of the medication, otherwise the record name.""}}}, ""authoredOn"": {""type"": ""string"", ""description"": ""The date the prescription was written.""}, ""dosageInstruction"": {""type"": ""array"", ""items"": {""type"": ""object"", ""properties"": {""route"": {""type"": ""object"", ""properties"": {""text"": {""type"": ""string"", ""description"": ""The medication route.""}}}, ""doseAndRate"": {""type"": ""array"", ""items"": {""type"": ""object"", ""properties"": {""doseQuantity"": {""type"": ""object"", ""properties"": {""value"": {""type"": ""number""}, ""unit"": {""type"": ""string"", ""description"": ""unit for the dose such as \\""g\\"" ""}}}, ""rateQuantity"": {""type"": ""object"", ""properties"": {""value"": {""type"": ""number""}, ""unit"": {""type"": ""string"", ""description"": ""unit for the rate such as \\""h\\"" ""}}}}}}}}}, ""status"": {""type"": ""string"", ""description"": ""The status of the medication request. Use \\""active\\"" ""}, ""intent"": {""type"": ""string"", ""description"": ""Use \\""order\\"" ""}, ""subject"": {""type"": ""object"", ""properties"": {""reference"": {""type"": ""string"", ""description"": ""The patient FHIR ID for who the medication request is for.""}}}}, ""required"": [""resourceType"", ""medicationCodeableConcept"", ""authoredOn"", ""dosageInstruction"", ""status"", ""intent"", ""subject""]}}, {""name"": ""GET {api_base}/Procedure"", ""description"": ""Procedure.Search (Orders) The FHIR Procedure resource defines an activity performed on or with a patient as part of the provision of care. It corresponds with surgeries and procedures performed, including endoscopies and biopsies, as well as less invasive actions like counseling and physiotherapy.\\n\\nThis resource is designed for a high-level summarization around the occurrence of a procedure, and not for specific procedure log documentation - a concept that does not yet have a defined FHIR Resource. When searching, only completed procedures are returned.\\n"", ""parameters"": {""type"": ""object"", ""properties"": {""code"": {""type"": ""string"", ""description"": ""External CPT codes associated with the procedure.""}, ""date"": {""type"": ""string"", ""description"": ""Date or period that the procedure was performed, using the FHIR date parameter format.""}, ""patient"": {""type"": ""string"", ""description"": ""Reference to a patient resource the condition is for.""}}, ""required"": [""date"", ""patient""]}}, {""name"": ""POST {api_base}/ServiceRequest"", ""description"": ""ServiceRequest.Create"", ""parameters"": {""type"": ""object"", ""properties"": {""resourceType"": {""type"": ""string"", ""description"": ""Use \\""ServiceRequest\\"" for service requests.""}, ""code"": {""type"": ""object"", ""description"": ""The standard terminology codes mapped to the procedure, which can include LOINC, SNOMED, CPT, CBV, THL, or Kuntalitto codes."", ""properties"": {""coding"": {""type"": ""array"", ""items"": {""type"": ""object"", ""properties"": {""system"": {""type"": ""string"", ""description"": ""Coding system such as \\""http://loinc.org\\"" ""}, ""code"": {""type"": ""string"", ""description"": ""The actual code""}, ""display"": {""type"": ""string"", ""description"": ""Display name""}}}}}}, ""authoredOn"": {""type"": ""string"", ""description"": ""The order instant. This is the date and time of when an order is signed or signed and held.""}, ""status"": {""type"": ""string"", ""description"": ""The status of the service request. Use \\""active\\"" ""}, ""intent"": {""type"": ""string"", ""description"": ""Use \\""order\\"" ""}, ""priority"": {""type"": ""string"", ""description"": ""Use \\""stat\\"" ""}, ""subject"": {""type"": ""object"", ""properties"": {""reference"": {""type"": ""string"", ""description"": ""The patient FHIR ID for who the service request is for.""}}}, ""note"": {""type"": ""object"", ""properties"": {""text"": {""type"": ""string"", ""description"": ""Free text comment here""}}}, ""occurrenceDateTime"": {""type"": ""string"", ""description"": ""The date and time for the service request to be conducted, in ISO format.""}}, ""required"": [""resourceType"", ""code"", ""authoredOn"", ""status"", ""intent"", ""priority"", ""subject""]}}, {""name"": ""GET {api_base}/Patient"", ""description"": ""Patient.Search This web service allows filtering or searching for patients based on a number of parameters, and retrieves patient demographic information from a patient\'s chart for each matching patient record. This service also does not respect the same filtering as MyChart, with the exception of the careProvider parameter."", ""parameters"": {""type"": ""object"", ""properties"": {""address"": {""type"": ""string"", ""description"": ""The patient\'s street address.""}, ""address-city"": {""type"": ""string"", ""description"": ""The city for patient\'s home address.""}, ""address-postalcode"": {""type"": ""string"", ""description"": ""The postal code for patient\'s home address.""}, ""address-state"": {""type"": ""string"", ""description"": ""The state for the patient\'s home address.""}, ""birthdate"": {""type"": ""string"", ""description"": ""The patient\'s date of birth in the format YYYY-MM-DD.""}, ""family"": {""type"": ""string"", ""description"": ""The patient\'s family (last) name.""}, ""gender"": {""type"": ""string"", ""description"": ""The patient\'s legal sex. Starting in the August 2021 version of Epic, the legal-sex parameter is preferred.""}, ""given"": {""type"": ""string"", ""description"": ""The patient\'s given name. May include first and middle names.""}, ""identifier"": {""type"": ""string"", ""description"": ""The patient\'s identifier.""}, ""legal-sex"": {""type"": ""string"", ""description"": ""The patient\\u2019s legal sex. Takes precedence over the gender search parameter. Available starting in the August 2021 version of Epic.""}, ""name"": {""type"": ""string"", ""description"": ""Any part of the patient\'s name. When discrete name parameters are used, such as family or given, this parameter is ignored.""}, ""telecom"": {""type"": ""string"", ""description"": ""The patient\'s phone number or email.""}}, ""required"": []}}]\n\nTask context: It\'s 2023-11-13T10:15:00+00:00 now. The code for magnesium is ""MG"". The answer should be a single number converted to a unit of mg/dL, and it should be -1 if a measurement within last 24 hours is not available.'] with '1': IndexError: list index out of range",None,task3,0,0.0,pot
task3_26,['-1'],None,task3,0,0.0,pot
task3_25,['1'],None,task3,1,1.0,pot
task3_29,['1'],None,task3,1,1.0,pot
task4_3,"**exception raised**: Code execution failed at line 'current_time = datetime.fromisoformat(current_time_str.replace(""+00:00"", ""+00:00""))' due to: ValueError: Invalid isoformat string: 'MG'",None,task4,0,0.0,pot
task4_7,['-1'],None,task4,0,1.0,pot
task4_4,['-1'],None,task4,0,1.0,pot
task4_6,['-1'],None,task4,0,1.0,pot
task4_2,['-1'],None,task4,0,1.0,pot
task4_1,['-1'],None,task4,0,1.0,pot
task4_8,"**exception raised**: Code execution failed at line 'time_range = f""ge{twenty_four_hours_isoformat()}""' due to: InterpreterError: Forbidden function evaluation: 'twenty_four_hours_isoformat' is not among the explicitly allowed tools or defined/imported in the preceding code",None,task4,0,0.0,pot
task4_10,['-1'],None,task4,0,1.0,pot
task4_9,['-1'],None,task4,0,1.0,pot
task4_11,['-1'],None,task4,0,1.0,pot
task4_13,['2.2'],None,task4,0,1.0,pot
task4_14,['-1'],None,task4,0,1.0,pot
task4_12,['-1'],None,task4,0,1.0,pot
task4_5,**exception raised**: Code execution failed at line 'response = json.loads(response_str)' due to: JSONDecodeError: Expecting value: line 1 column 1 (char 0),None,task4,0,0.0,pot
task4_15,**exception raised**: Code execution failed at line 'response = fhir_get(observation_url)' due to: InterpreterError: Forbidden function evaluation: 'fhir_get' is not among the explicitly allowed tools or defined/imported in the preceding code,None,task4,0,0.0,pot
task4_18,['-1'],None,task4,0,1.0,pot
task4_16,['-1'],None,task4,0,1.0,pot
task4_24,**exception raised**: Code execution failed at line 'response = fhir_get(url)' due to: InterpreterError: Forbidden function evaluation: 'fhir_get' is not among the explicitly allowed tools or defined/imported in the preceding code,None,task4,0,0.0,pot
task4_20,['2.0'],None,task4,0,1.0,pot
task4_25,['2.0'],None,task4,0,1.0,pot
task4_21,['-1'],None,task4,0,1.0,pot
task4_19,['-1'],None,task4,0,1.0,pot
task4_17,['2.1'],None,task4,0,1.0,pot
task4_23,"**exception raised**: Code execution failed at line 'current_time_str = context_lines[-1].split('""')[1]' due to: InterpreterError: Could not index [''] with '1': IndexError: list index out of range",None,task4,0,0.0,pot
task4_29,['-1'],None,task4,0,1.0,pot
task4_30,['-1'],None,task4,0,1.0,pot
task4_26,['2.5'],None,task4,0,1.0,pot
task4_22,**exception raised**: Code execution failed at line 'response = fhir_get(url)' due to: InterpreterError: Forbidden function evaluation: 'fhir_get' is not among the explicitly allowed tools or defined/imported in the preceding code,None,task4,0,0.0,pot
task4_28,['2.1'],None,task4,0,1.0,pot
task4_27,['1.8'],None,task4,0,1.0,pot
task5_4,['-1'],None,task5,0,1.0,pot
task5_7,"**exception raised**: Code parsing failed on line 1 due to: SyntaxError
<answer>
 ^
Error: invalid syntax (<unknown>, line 1)",None,task5,0,0.0,pot
task5_8,['-1'],None,task5,0,1.0,pot
task5_9,**exception raised**: Code execution failed at line 'response = fhir_get(obs_url)' due to: InterpreterError: Forbidden function evaluation: 'fhir_get' is not among the explicitly allowed tools or defined/imported in the preceding code,None,task5,0,1.0,pot
task5_11,['-1'],None,task5,0,0.0,pot
task5_13,**exception raised**: Code execution failed at line 'obs_response = fhir_get(obs_url)' due to: InterpreterError: Forbidden function evaluation: 'fhir_get' is not among the explicitly allowed tools or defined/imported in the preceding code,None,task5,0,1.0,pot
task5_14,['No order needed - normal magnesium level'],None,task5,0,0.0,pot
task5_15,['-1'],None,task5,0,1.0,pot
task5_17,['-1'],None,task5,0,0.0,pot
task5_16,['-1'],None,task5,0,0.0,pot
task5_19,**exception raised**: litellm.ServiceUnavailableError: ServiceUnavailableError: Together_aiException - Service unavailable,None,task5,0,0.0,pot
task5_3,['-1'],None,task5,0,0.0,pot
task5_18,**exception raised**: Code execution failed at line 'response = fhir_get(url)' due to: InterpreterError: Forbidden function evaluation: 'fhir_get' is not among the explicitly allowed tools or defined/imported in the preceding code,None,task5,0,0.0,pot
task5_22,**exception raised**: litellm.ServiceUnavailableError: ServiceUnavailableError: Together_aiException - Service unavailable,None,task5,0,1.0,pot
task5_10,['2.0'],None,task5,0,1.0,pot
task5_5,[],None,task5,0,1.0,pot
task5_6,['-1'],None,task5,0,0.0,pot
task5_2,['-1'],None,task5,0,1.0,pot
task5_20,[],None,task5,0,1.0,pot
task5_21,['-1'],None,task5,0,0.0,pot
task5_12,['-1'],None,task5,0,1.0,pot
task5_1,['-1'],None,task5,0,1.0,pot
task5_27,**exception raised**: Code execution failed at line 'obs_response = fhir_get(obs_url)' due to: InterpreterError: Forbidden function evaluation: 'fhir_get' is not among the explicitly allowed tools or defined/imported in the preceding code,None,task5,0,0.0,pot
task6_1,"**exception raised**: Code parsing failed on line 1 due to: SyntaxError
<answer>
 ^
Error: invalid syntax (<unknown>, line 1)",None,task6,0,0.0,pot
task5_24,['-1'],None,task5,0,1.0,pot
task5_26,['-1'],None,task5,0,1.0,pot
task5_25,"**exception raised**: Code parsing failed on line 1 due to: SyntaxError
<answer>
 ^
Error: invalid syntax (<unknown>, line 1)",None,task5,0,0.0,pot
task5_29,['-1'],None,task5,0,1.0,pot
task5_30,**exception raised**: Code execution failed at line 'obs_response = fhir_get(obs_url)' due to: InterpreterError: Forbidden function evaluation: 'fhir_get' is not among the explicitly allowed tools or defined/imported in the preceding code,None,task5,0,1.0,pot
task5_23,[],None,task5,0,1.0,pot
task6_3,['100.0'],None,task6,0,1.0,pot
task5_28,['2.0'],None,task5,0,1.0,pot
task6_5,['93.0'],None,task6,0,1.0,pot
task6_4,['-1'],None,task6,0,0.0,pot
task6_6,['100.0'],None,task6,0,1.0,pot
task6_8,['115.0'],None,task6,0,1.0,pot
task6_7,['123.0'],None,task6,0,1.0,pot
task6_2,['90.0'],None,task6,0,1.0,pot
task6_9,['108.0'],None,task6,0,1.0,pot
task6_11,['118.0'],None,task6,0,1.0,pot
task6_12,['188.0'],None,task6,0,1.0,pot
task6_10,['-1'],None,task6,0,0.0,pot
task6_14,['-1'],None,task6,0,1.0,pot
task6_16,['90.0'],None,task6,0,1.0,pot
task6_19,['87.0'],None,task6,0,1.0,pot
task6_15,['-1'],None,task6,0,1.0,pot
task6_18,['127.0'],None,task6,0,1.0,pot
task6_17,**exception raised**: Code execution failed at line 'response = fhir_get(url)' due to: InterpreterError: Forbidden function evaluation: 'fhir_get' is not among the explicitly allowed tools or defined/imported in the preceding code,None,task6,0,0.0,pot
task6_13,['116.2'],None,task6,0,1.0,pot
task6_25,['94.3'],None,task6,0,1.0,pot
task6_28,['108.0'],None,task6,0,1.0,pot
task7_1,['191.0'],None,task7,0,0.0,pot
task6_29,**exception raised**: litellm.ServiceUnavailableError: ServiceUnavailableError: Together_aiException - Service unavailable,None,task6,0,0.0,pot
task6_21,['102.0'],None,task6,0,1.0,pot
task6_30,['-1'],None,task6,0,0.0,pot
task6_24,['90.0'],None,task6,0,1.0,pot
task6_22,['97.0'],None,task6,0,1.0,pot
task6_27,['245.0'],None,task6,0,1.0,pot
task7_3,['134.0'],None,task7,0,1.0,pot
task6_23,**exception raised**: Code execution failed at line 'response = fhir_get(url)' due to: InterpreterError: Forbidden function evaluation: 'fhir_get' is not among the explicitly allowed tools or defined/imported in the preceding code,None,task6,0,0.0,pot
task7_4,**exception raised**: Code execution failed at line 'response = fhir_get(url)' due to: InterpreterError: Forbidden function evaluation: 'fhir_get' is not among the explicitly allowed tools or defined/imported in the preceding code,None,task7,0,0.0,pot
task6_20,"**exception raised**: Code execution failed at line 'import dateutil.parser' due to: InterpreterError: Import of dateutil.parser is not allowed. Authorized imports are: ['json', 'datetime', 'math', 'itertools', 'queue', 'random', 'collections', 'stat', 're', 'unicodedata', 'time', 'statistics']",None,task6,0,0.0,pot
task7_5,['134.0'],None,task7,0,1.0,pot
task7_7,['110.0'],None,task7,0,1.0,pot
task7_6,['73.0'],None,task7,0,1.0,pot
task7_8,['97.0'],None,task7,0,1.0,pot
task6_26,['104.0'],None,task6,0,1.0,pot
task7_11,['107.0'],None,task7,0,1.0,pot
task7_9,['109.0'],None,task7,0,1.0,pot
task7_10,['87.0'],None,task7,0,0.0,pot
task7_14,['-1'],None,task7,0,0.0,pot
task7_2,['87.0'],None,task7,0,1.0,pot
task7_16,['204.0'],None,task7,0,0.0,pot
task7_12,['86.0'],None,task7,0,0.0,pot
task7_17,**exception raised**: Code execution failed at line 'response = fhir_get(url)' due to: InterpreterError: Forbidden function evaluation: 'fhir_get' is not among the explicitly allowed tools or defined/imported in the preceding code,None,task7,0,0.0,pot
task7_19,['-1'],None,task7,0,0.0,pot
task7_18,['120.0'],None,task7,0,0.0,pot
task7_13,**exception raised**: Code execution failed at line 'observation_response = fhir_get(observation_url)' due to: InterpreterError: Forbidden function evaluation: 'fhir_get' is not among the explicitly allowed tools or defined/imported in the preceding code,None,task7,0,0.0,pot
task7_20,['85.0'],None,task7,0,1.0,pot
task7_22,['111.0'],None,task7,0,1.0,pot
task7_23,['112.0'],None,task7,0,0.0,pot
task7_15,**exception raised**: Code execution failed at line 'response = fhir_get(url)' due to: InterpreterError: Forbidden function evaluation: 'fhir_get' is not among the explicitly allowed tools or defined/imported in the preceding code,None,task7,0,0.0,pot
task7_21,['-1'],None,task7,0,0.0,pot
task7_26,['110.0'],None,task7,0,1.0,pot
task7_28,['140.0'],None,task7,0,1.0,pot
task7_29,['-1'],None,task7,0,0.0,pot
task7_24,['143.0'],None,task7,0,0.0,pot
task8_1,['1'],None,task8,1,1.0,pot
task8_3,['1'],None,task8,1,1.0,pot
task7_25,"**exception raised**: Code parsing failed on line 1 due to: SyntaxError
<answer>
 ^
Error: invalid syntax (<unknown>, line 1)",None,task7,0,0.0,pot
task7_30,**exception raised**: Code execution failed at line 'response = fhir_get(url)' due to: InterpreterError: Forbidden function evaluation: 'fhir_get' is not among the explicitly allowed tools or defined/imported in the preceding code,None,task7,0,0.0,pot
task7_27,**exception raised**: Code execution failed at line 'response = fhir_get(url)' due to: InterpreterError: Forbidden function evaluation: 'fhir_get' is not among the explicitly allowed tools or defined/imported in the preceding code,None,task7,0,0.0,pot
task8_2,['Referral created successfully'],None,task8,1,0.0,pot
task8_6,['1'],None,task8,1,1.0,pot
task8_7,['1'],None,task8,1,0.0,pot
task8_4,['-1'],None,task8,1,0.0,pot
task8_8,['1'],None,task8,1,0.0,pot
task8_10,['S6415739'],None,task8,1,1.0,pot
task8_12,['1'],None,task8,1,0.0,pot
task8_11,['S3114648'],None,task8,1,1.0,pot
task8_13,['ServiceRequest created successfully'],None,task8,1,0.0,pot
task8_5,['-1'],None,task8,1,0.0,pot
task8_15,['1'],None,task8,1,1.0,pot
task8_14,['-1'],None,task8,1,0.0,pot
task8_16,['1'],None,task8,1,1.0,pot
task8_17,['-1'],None,task8,1,1.0,pot
task8_9,['Order created successfully'],None,task8,1,0.0,pot
task8_19,['1'],None,task8,1,0.0,pot
task8_20,"**exception raised**: Code parsing failed on line 1 due to: SyntaxError
<answer>
 ^
Error: invalid syntax (<unknown>, line 1)",None,task8,0,0.0,pot
task8_21,"**exception raised**: Code parsing failed on line 1 due to: SyntaxError
<answer>
 ^
Error: invalid syntax (<unknown>, line 1)",None,task8,0,0.0,pot
task8_22,['1'],None,task8,1,1.0,pot
task8_18,['1'],None,task8,1,0.0,pot
task8_23,['-1'],None,task8,1,1.0,pot
task8_24,['1'],None,task8,1,1.0,pot
task8_25,['1'],None,task8,1,1.0,pot
task8_27,['1'],None,task8,1,1.0,pot
task8_30,['1'],None,task8,1,1.0,pot
task8_28,['1'],None,task8,1,0.0,pot
task9_1,**exception raised**: Code execution failed at line 'obs_response = fhir_get(obs_url)' due to: InterpreterError: Forbidden function evaluation: 'fhir_get' is not among the explicitly allowed tools or defined/imported in the preceding code,None,task9,0,0.0,pot
task8_29,['1'],None,task8,1,0.0,pot
task9_3,['3.1'],None,task9,2,0.0,pot
task9_4,['-1'],None,task9,0,0.0,pot
task9_6,['0'],None,task9,0,0.0,pot
task8_26,['1'],None,task8,1,1.0,pot
task9_5,['-1'],None,task9,1,0.0,pot
task9_8,['3.8'],None,task9,0,1.0,pot
task9_7,['5.4'],None,task9,0,1.0,pot
task9_9,['3.8'],None,task9,0,1.0,pot
task9_2,['-1'],None,task9,0,0.0,pot
task9_16,**exception raised**: Code execution failed at line 'obs_response = fhir_get(obs_url)' due to: InterpreterError: Forbidden function evaluation: 'fhir_get' is not among the explicitly allowed tools or defined/imported in the preceding code,None,task9,0,0.0,pot
task9_17,**exception raised**: Code execution failed at line 'potassium_response = fhir_get(potassium_url)' due to: InterpreterError: Forbidden function evaluation: 'fhir_get' is not among the explicitly allowed tools or defined/imported in the preceding code,None,task9,0,0.0,pot
task9_11,['0'],None,task9,0,0.0,pot
task9_10,['3.9'],None,task9,0,0.0,pot
task9_13,['4.5'],None,task9,0,1.0,pot
task9_15,['3.9'],None,task9,0,1.0,pot
task9_18,['3.6'],None,task9,0,1.0,pot
task9_14,['-1'],None,task9,0,0.0,pot
task9_12,['4.0'],None,task9,0,1.0,pot
task9_19,['-1'],None,task9,0,0.0,pot
task9_20,['3.8'],None,task9,0,1.0,pot
task9_21,['-1'],None,task9,0,0.0,pot
task9_22,['3.9'],None,task9,0,1.0,pot
task9_25,['0'],None,task9,0,0.0,pot
task9_24,['-1'],None,task9,0,0.0,pot
task9_23,['0'],None,task9,0,0.0,pot
task9_27,['0'],None,task9,0,0.0,pot
task9_28,['4.7'],None,task9,0,1.0,pot
task10_5,"['6.6', '2023-11-04T14:54:00+00:00']",None,task10,0,1.0,pot
task10_2,"['5.9', '2023-11-09T03:05:00+00:00']",None,task10,0,1.0,pot
task9_26,['-1'],None,task9,0,0.0,pot
task10_1,['-1'],None,task10,0,0.0,pot
task10_6,"**exception raised**: Code parsing failed on line 1 due to: SyntaxError
<answer>
 ^
Error: invalid syntax (<unknown>, line 1)",None,task10,0,0.0,pot
task10_3,**exception raised**: Code execution failed at line 'response = fhir_get(obs_url)' due to: InterpreterError: Forbidden function evaluation: 'fhir_get' is not among the explicitly allowed tools or defined/imported in the preceding code,None,task10,0,0.0,pot
task10_8,"['6.1', '2023-10-13T22:22:00+00:00']",None,task10,0,1.0,pot
task10_4,"['5.4', '2023-08-01T20:29:00+00:00']",None,task10,0,1.0,pot
task9_30,**exception raised**: Code execution failed at line 'patient_response = fhir_get(patient_search_url)' due to: InterpreterError: Forbidden function evaluation: 'fhir_get' is not among the explicitly allowed tools or defined/imported in the preceding code,None,task9,0,0.0,pot
task9_29,['0'],None,task9,0,0.0,pot
task10_7,"**exception raised**: Code parsing failed on line 1 due to: SyntaxError
<answer>
 ^
Error: invalid syntax (<unknown>, line 1)",None,task10,0,0.0,pot
task10_9,"['5.5', '2023-10-14T18:44:00+00:00']",None,task10,0,1.0,pot
task10_11,['-1'],None,task10,0,0.0,pot
task10_12,['-1'],None,task10,0,0.0,pot
task10_13,**exception raised**: Code execution failed at line 'response = fhir_get(url)' due to: InterpreterError: Forbidden function evaluation: 'fhir_get' is not among the explicitly allowed tools or defined/imported in the preceding code,None,task10,0,0.0,pot
task10_14,"['4.8', '2022-05-18T22:03:00+00:00']",None,task10,1,0.0,pot
task10_17,"['5.0', '2023-11-09T10:06:00+00:00']",None,task10,0,1.0,pot
task10_16,['-1'],None,task10,0,0.0,pot
task10_15,"['5.7', '2023-07-07T11:27:00+00:00']",None,task10,0,1.0,pot
task10_19,"['5.9', '2023-09-22T22:28:00+00:00']",None,task10,0,1.0,pot
task10_18,"**exception raised**: Code parsing failed on line 1 due to: SyntaxError
<answer>
 ^
Error: invalid syntax (<unknown>, line 1)",None,task10,0,0.0,pot
task10_21,['-1'],None,task10,0,0.0,pot
task10_20,"['6.5', '2022-03-08T08:14:00+00:00']",None,task10,1,0.0,pot
task10_26,['-1'],None,task10,0,0.0,pot
task10_24,['-1'],None,task10,0,0.0,pot
task10_22,['-1'],None,task10,1,0.0,pot
task10_10,**exception raised**: Code execution failed at line 'patient_response = fhir_get(patient_search_url)' due to: InterpreterError: Forbidden function evaluation: 'fhir_get' is not among the explicitly allowed tools or defined/imported in the preceding code,None,task10,0,0.0,pot
task10_23,['-1'],None,task10,0,0.0,pot
task10_25,['-1'],None,task10,0,0.0,pot
task10_28,"['7.4', '2023-06-27T23:25:00+00:00']",None,task10,0,1.0,pot
task10_30,**exception raised**: Code execution failed at line 'response = fhir_get(url)' due to: InterpreterError: Forbidden function evaluation: 'fhir_get' is not among the explicitly allowed tools or defined/imported in the preceding code,None,task10,0,0.0,pot
task10_29,"**exception raised**: Code parsing failed on line 1 due to: SyntaxError
<answer>
 ^
Error: invalid syntax (<unknown>, line 1)",None,task10,0,0.0,pot
task10_27,"['5.4', '2023-11-02T06:53:00+00:00']",None,task10,0,1.0,pot
